avg_temperature_2m_24h	avg_relative_humidity_2m_24h	avg_dew_point_2m_24h	avg_apparent_temperature_24h	avg_temperature_80m_24h	avg_temperature_120m_24h	avg_wind_speed_10m_24h	avg_wind_speed_80m_24h	avg_visibility_24h	total_rain_24h	total_showers_24h	total_snowfall_24h	avg_temperature_2m_daylight	avg_relative_humidity_2m_daylight	avg_dew_point_2m_daylight	avg_apparent_temperature_daylight	avg_temperature_80m_daylight	avg_temperature_120m_daylight	avg_wind_speed_10m_daylight	avg_wind_speed_80m_daylight	avg_visibility_daylight	total_rain_daylight	total_showers_daylight	total_snowfall_daylight	wind_speed_10m_m_per_s	wind_speed_80m_m_per_s	temperature_2m_celsius	apparent_temperature_celsius	temperature_80m_celsius	temperature_120m_celsius	soil_temperature_0cm_celsius	soil_temperature_6cm_celsius	rain_mm	showers_mm	snowfall_mm	daylight_hours	sunset_iso	sunrise_iso
19.749999999999996	57.083333333333336	9.013888888888888	19.148148148148145	20.69675925925926	20.895833333333332	1.3504197806896672	2.3771675187060963	24114.167290999994	0.0	0.0	0.0	21.54901960784314	50.05882352941177	8.467320261437909	20.77450980392157	21.09803921568627	21.19607843137255	1.6855659783622285	2.4451298213943997	24103.530050400004	0.0	0.0	0.0	0.9260021353300574;0.30866737844335246;0.0;0.15433368922167623;0.6173347568867049;0.7716684461083811;0.6173347568867049;0.7716684461083811;0.4630010676650287;0.668779319960597;1.337558639921194;1.903448833734007;2.2635607752512517;2.5722281536946037;2.675117279842388;2.675117279842388;2.4693390275468197;2.366449901399035;2.1092270860295748;2.0063379598817908;1.5947814552906543;1.389003202995086;1.0288912614778416;0.720223883034489	0.9260021353300574;0.30866737844335246;0.0;0.15433368922167623;0.6173347568867049;0.7716684461083811;0.6173347568867049;0.7716684461083811;0.4630010676650287;0.668779319960597;1.337558639921194;1.903448833734007;2.2635607752512517;2.5722281536946037;2.675117279842388;2.675117279842388;2.4693390275468197;2.366449901399035;2.1092270860295748;2.0063379598817908;1.5947814552906543;1.389003202995086;1.0288912614778416;0.720223883034489	17.27777777777778;13.61111111111111;12.722222222222221;11.666666666666666;10.722222222222221;9.777777777777779;9.333333333333332;11.11111111111111;13.944444444444445;17.27777777777778;20.27777777777778;22.5;24.055555555555557;25.27777777777778;26.166666666666664;26.833333333333332;27.333333333333332;27.5;27.333333333333332;27.22222222222222;26.27777777777778;24.111111111111114;21.444444444444443;20.222222222222225	17.055555555555557;13.61111111111111;12.777777777777779;11.555555555555554;10.277777777777779;9.11111111111111;8.777777777777777;10.999999999999998;14.38888888888889;17.72222222222222;20.0;21.888888888888893;23.444444444444443;24.444444444444443;25.444444444444443;26.0;26.333333333333336;25.833333333333332;25.27777777777778;25.38888888888889;24.833333333333332;23.277777777777782;21.0;20.11111111111111	20.33333333333333;18.055555555555557;17.77777777777778;16.944444444444443;16.27777777777778;15.555555555555555;15.055555555555555;14.444444444444445;14.166666666666666;15.666666666666666;18.333333333333332;20.33333333333333;21.77777777777778;22.77777777777778;23.666666666666664;24.444444444444443;25.055555555555554;25.555555555555557;25.777777777777782;25.944444444444443;25.444444444444443;24.66666666666667;24.333333333333332;24.333333333333332	20.27777777777778;18.444444444444443;18.333333333333332;17.77777777777778;17.444444444444443;17.166666666666668;17.055555555555557;16.944444444444443;16.77777777777778;16.833333333333332;17.666666666666668;19.66666666666667;20.944444444444443;22.055555555555557;22.944444444444443;23.666666666666664;24.333333333333332;24.777777777777775;25.055555555555554;25.27777777777778;24.833333333333332;24.333333333333332;24.444444444444443;24.444444444444443	13.0;9.777777777777779;9.000000000000002;8.277777777777779;7.6111111111111125;7.000000000000001;8.0;12.833333333333334;16.5;20.27777777777778;23.277777777777782;25.500000000000004;27.11111111111111;29.77777777777778;30.555555555555557;30.88888888888889;30.77777777777778;29.666666666666668;28.111111111111107;26.888888888888893;24.388888888888893;21.055555555555557;17.72222222222222;15.777777777777779	15.38888888888889;13.277777777777779;12.333333333333336;11.555555555555554;10.777777777777779;10.166666666666664;9.666666666666666;10.222222222222221;11.61111111111111;13.444444444444446;15.61111111111111;17.555555555555557;19.27777777777778;21.666666666666668;22.944444444444443;23.944444444444443;24.61111111111111;24.88888888888889;24.777777777777775;24.555555555555557;23.77777777777778;22.555555555555554;20.888888888888886;19.166666666666668	0.0;0.0;0.0;0.0;0.0;0.0;0.0;0.0;0.0;0.0;0.0;0.0;0.0;0.0;0.0;0.0;0.0;0.0;0.0;0.0;0.0;0.0;0.0;0.0	0.0;0.0;0.0;0.0;0.0;0.0;0.0;0.0;0.0;0.0;0.0;0.0;0.0;0.0;0.0;0.0;0.0;0.0;0.0;0.0;0.0;0.0;0.0;0.0	0.0;0.0;0.0;0.0;0.0;0.0;0.0;0.0;0.0;0.0;0.0;0.0;0.0;0.0;0.0;0.0;0.0;0.0;0.0;0.0;0.0;0.0;0.0;0.0	16	2025-06-01T21:55:16	2025-06-01T04:56:23
22.384259259259263	56.75	11.886574074074076	22.662037037037035	23.407407407407405	23.488425925925924	1.2796835064630654	2.1263752737208725	24074.167320199995	0.0	0.0	0.0	24.104575163398696	50.588235294117645	11.519607843137253	24.31045751633987	23.594771241830063	23.483660130718953	1.4676831229904503	2.172776252179677	24047.059503388242	0.0	0.0	0.0	0.5144456307389208;0.8745575722561653;1.0288912614778416;0.9260021353300574;0.9260021353300574;0.8231130091822733;0.8231130091822733;0.5144456307389208;0.5144456307389208;0.7716684461083811;1.1317803876256258;1.389003202995086;1.440447766068978;1.5433368922167623;1.903448833734007;2.315005338325143;2.5207835906207117;2.5207835906207117;2.4178944644729277;1.9548933968078988;1.440447766068978;0.9260021353300574;0.8231130091822733;0.668779319960597	0.5144456307389208;0.8745575722561653;1.0288912614778416;0.9260021353300574;0.9260021353300574;0.8231130091822733;0.8231130091822733;0.5144456307389208;0.5144456307389208;0.7716684461083811;1.1317803876256258;1.389003202995086;1.440447766068978;1.5433368922167623;1.903448833734007;2.315005338325143;2.5207835906207117;2.5207835906207117;2.4178944644729277;1.9548933968078988;1.440447766068978;0.9260021353300574;0.8231130091822733;0.668779319960597	19.555555555555557;17.166666666666668;16.166666666666668;15.38888888888889;14.722222222222221;14.055555555555554;13.88888888888889;14.777777777777779;18.111111111111107;21.333333333333336;23.944444444444443;25.944444444444443;27.333333333333332;27.722222222222225;28.277777777777782;28.555555555555557;28.555555555555557;28.5;28.388888888888886;28.055555555555557;27.16666666666667;25.166666666666668;22.88888888888889;21.555555555555557	19.555555555555557;17.333333333333332;16.38888888888889;15.777777777777779;15.055555555555555;14.444444444444445;14.277777777777779;15.88888888888889;19.499999999999996;22.61111111111111;24.555555555555557;26.999999999999996;28.666666666666668;28.61111111111111;29.0;28.555555555555557;27.61111111111111;26.666666666666668;26.38888888888889;26.999999999999996;26.77777777777778;25.72222222222222;23.944444444444443;22.555555555555554	23.833333333333336;22.555555555555554;21.833333333333332;20.944444444444443;20.055555555555554;19.333333333333332;18.77777777777778;18.833333333333336;18.444444444444443;19.66666666666667;21.944444444444443;23.666666666666664;24.833333333333332;25.166666666666668;25.777777777777782;26.055555555555557;26.333333333333336;26.555555555555557;26.666666666666668;26.77777777777778;26.333333333333336;25.944444444444443;25.777777777777782;25.666666666666668	24.166666666666668;23.166666666666668;22.666666666666668;22.055555555555557;21.333333333333336;20.777777777777782;20.27777777777778;20.444444444444443;20.055555555555554;20.055555555555554;21.27777777777778;22.944444444444443;24.166666666666668;24.444444444444443;24.944444444444446;25.33333333333333;25.555555555555557;25.833333333333332;25.944444444444443;26.055555555555557;25.666666666666668;25.444444444444443;25.555555555555557;25.555555555555557	14.5;12.833333333333334;12.0;11.277777777777777;10.61111111111111;10.0;11.166666666666666;15.944444444444445;20.38888888888889;23.77777777777778;26.611111111111114;28.88888888888889;30.61111111111111;33.166666666666664;33.666666666666664;32.888888888888886;31.72222222222222;30.72222222222222;29.666666666666668;27.944444444444443;25.555555555555557;22.277777777777775;19.333333333333332;18.277777777777782	17.72222222222222;16.166666666666668;15.166666666666666;14.333333333333334;13.666666666666666;13.0;12.5;12.833333333333334;14.277777777777779;16.27777777777778;18.277777777777782;20.222222222222225;21.944444444444443;24.388888888888893;25.72222222222222;26.5;26.77777777777778;26.722222222222218;26.38888888888889;25.888888888888886;25.0;23.833333333333336;22.277777777777775;20.777777777777782	0.0;0.0;0.0;0.0;0.0;0.0;0.0;0.0;0.0;0.0;0.0;0.0;0.0;0.0;0.0;0.0;0.0;0.0;0.0;0.0;0.0;0.0;0.0;0.0	0.0;0.0;0.0;0.0;0.0;0.0;0.0;0.0;0.0;0.0;0.0;0.0;0.0;0.0;0.0;0.0;0.0;0.0;0.0;0.0;0.0;0.0;0.0;0.0	0.0;0.0;0.0;0.0;0.0;0.0;0.0;0.0;0.0;0.0;0.0;0.0;0.0;0.0;0.0;0.0;0.0;0.0;0.0;0.0;0.0;0.0;0.0;0.0	17	2025-06-02T21:56:32	2025-06-02T04:55:27
22.98148148148148	57.041666666666664	12.826388888888886	23.597222222222225	24.097222222222225	23.895833333333332	1.033178308400666	1.637651924518898	23113.333973899993	0.0	0.6095999999999999	0.0	24.457516339869283	51.05882352941177	12.359477124183005	24.931372549019606	24.11764705882353	23.816993464052292	1.1832249506995178	1.7339843906670682	22961.177140800002	0.0	0.6095999999999999	0.0	0.4630010676650287;0.8231130091822733;0.720223883034489;0.5144456307389208;0.20577825229556831;0.30866737844335246;0.30866737844335246;0.5658901938128129;0.3601119415172445;0.6173347568867049;1.1317803876256258;1.5433368922167623;1.8520042706601147;1.6462260183645465;0.9774466984039494;0.9260021353300574;1.8005597075862227;2.212116212177359;2.212116212177359;1.903448833734007;1.2861140768473018;0.4630010676650287;0.9260021353300574;1.0288912614778416	0.4630010676650287;0.8231130091822733;0.720223883034489;0.5144456307389208;0.20577825229556831;0.30866737844335246;0.30866737844335246;0.5658901938128129;0.3601119415172445;0.6173347568867049;1.1317803876256258;1.5433368922167623;1.8520042706601147;1.6462260183645465;0.9774466984039494;0.9260021353300574;1.8005597075862227;2.212116212177359;2.212116212177359;1.903448833734007;1.2861140768473018;0.4630010676650287;0.9260021353300574;1.0288912614778416	20.777777777777782;18.555555555555557;17.444444444444443;16.333333333333332;15.38888888888889;14.555555555555555;14.166666666666666;15.722222222222221;18.833333333333336;21.555555555555557;23.833333333333336;25.833333333333332;27.444444444444446;28.333333333333332;29.27777777777778;29.61111111111111;29.555555555555557;28.77777777777778;28.111111111111107;27.444444444444446;26.944444444444443;25.777777777777782;24.333333333333332;22.944444444444443	21.722222222222218;19.222222222222218;18.111111111111107;17.11111111111111;16.27777777777778;15.222222222222221;14.777777777777779;16.72222222222222;20.166666666666668;22.5;24.333333333333332;26.22222222222222;28.166666666666668;28.666666666666668;30.27777777777778;30.27777777777778;29.166666666666668;27.722222222222225;27.16666666666667;27.555555555555554;27.333333333333332;27.555555555555554;25.833333333333332;24.222222222222218	25.33333333333333;24.166666666666668;23.666666666666664;22.77777777777778;21.666666666666668;20.833333333333332;20.444444444444443;19.833333333333332;19.444444444444443;19.944444444444446;21.944444444444443;23.77777777777778;25.166666666666668;25.944444444444443;26.77777777777778;27.16666666666667;27.333333333333332;26.77777777777778;26.333333333333336;26.166666666666664;26.166666666666664;25.944444444444443;25.777777777777782;24.944444444444446	25.33333333333333;23.944444444444443;23.77777777777778;23.166666666666668;22.444444444444446;21.77777777777778;21.444444444444443;20.666666666666668;20.444444444444443;20.166666666666668;21.27777777777778;22.944444444444443;24.333333333333332;25.166666666666668;25.944444444444443;26.333333333333336;26.555555555555557;25.944444444444443;25.666666666666668;25.444444444444443;25.444444444444443;25.33333333333333;25.166666666666668;24.777777777777775	17.166666666666668;15.0;14.055555555555554;13.11111111111111;12.333333333333336;11.61111111111111;12.611111111111112;17.5;21.944444444444443;25.222222222222225;28.277777777777782;30.944444444444443;32.72222222222222;34.388888888888886;36.611111111111114;35.55555555555556;33.77777777777778;32.0;29.77777777777778;27.83333333333333;25.944444444444443;23.5;20.777777777777782;19.166666666666668	19.66666666666667;18.61111111111111;17.61111111111111;16.666666666666668;15.833333333333334;15.11111111111111;14.5;15.11111111111111;16.444444444444443;18.333333333333332;20.33333333333333;22.38888888888889;24.333333333333332;26.722222222222218;28.166666666666668;29.055555555555557;29.38888888888889;28.944444444444443;28.277777777777782;26.77777777777778;25.777777777777782;24.777777777777775;23.388888888888886;21.944444444444443	0.0;0.0;0.0;0.0;0.0;0.0;0.0;0.0;0.0;0.0;0.0;0.0;0.0;0.0;0.0;0.0;0.0;0.0;0.0;0.0;0.0;0.0;0.0;0.0	0.0;0.0;0.0;0.0;0.0;0.0;0.0;0.0;0.0;0.0;0.0;0.0;0.0;0.0;0.0;0.0;0.0;0.1016;0.2032;0.3048;0.0;0.0;0.0;0.0	0.0;0.0;0.0;0.0;0.0;0.0;0.0;0.0;0.0;0.0;0.0;0.0;0.0;0.0;0.0;0.0;0.0;0.0;0.0;0.0;0.0;0.0;0.0;0.0	17	2025-06-03T21:57:45	2025-06-03T04:54:34
22.953703703703706	56.541666666666664	12.546296296296298	23.118055555555557	23.208333333333332	23.069444444444443	1.7405410506666816	3.3846235455698164	24129.1672864	0.0	0.8128	0.0	24.39869281045751	49.88235294117647	11.99673202614379	24.330065359477125	23.549019607843135	23.127450980392155	2.033573316803263	3.3892888613387724	24124.70651449412	0.0	0.8128	0.0	1.0803358245517336;0.8745575722561653;0.8231130091822733;0.8231130091822733;0.8231130091822733;0.7716684461083811;0.8745575722561653;0.668779319960597;0.9260021353300574;1.5433368922167623;1.8520042706601147;2.1092270860295748;2.4178944644729277;2.5207835906207117;2.5722281536946037;3.8583422305419055;2.98378465828574;2.880895532137956;2.829450969064064;2.057782522955683;2.057782522955683;1.6462260183645465;1.440447766068978;1.337558639921194	1.0803358245517336;0.8745575722561653;0.8231130091822733;0.8231130091822733;0.8231130091822733;0.7716684461083811;0.8745575722561653;0.668779319960597;0.9260021353300574;1.5433368922167623;1.8520042706601147;2.1092270860295748;2.4178944644729277;2.5207835906207117;2.5722281536946037;3.8583422305419055;2.98378465828574;2.880895532137956;2.829450969064064;2.057782522955683;2.057782522955683;1.6462260183645465;1.440447766068978;1.337558639921194	20.777777777777782;17.83333333333333;17.055555555555557;16.22222222222222;15.666666666666666;15.38888888888889;15.055555555555555;16.0;19.388888888888893;21.944444444444443;24.111111111111114;25.72222222222222;27.055555555555557;26.888888888888893;27.944444444444443;27.38888888888889;27.88888888888889;27.555555555555554;27.277777777777775;29.27777777777778;28.61111111111111;27.277777777777775;25.166666666666668;23.388888888888886	22.11111111111111;18.72222222222222;18.055555555555557;17.166666666666668;16.61111111111111;16.38888888888889;16.0;17.0;20.27777777777778;21.944444444444443;23.444444444444443;25.444444444444443;27.16666666666667;27.38888888888889;28.77777777777778;26.999999999999996;27.61111111111111;26.666666666666668;26.333333333333336;28.000000000000004;27.5;26.666666666666668;25.0;23.555555555555557	23.77777777777778;21.166666666666664;20.833333333333332;20.055555555555554;19.333333333333332;18.944444444444443;18.833333333333336;18.833333333333336;18.77777777777778;20.27777777777778;22.055555555555557;23.444444444444443;24.555555555555557;24.333333333333332;25.33333333333333;25.166666666666668;25.666666666666668;25.777777777777782;25.777777777777782;27.83333333333333;27.555555555555554;27.16666666666667;26.055555555555557;25.444444444444443	24.055555555555557;21.833333333333332;21.77777777777778;21.055555555555557;20.27777777777778;19.777777777777775;19.444444444444443;19.27777777777778;19.27777777777778;19.555555555555557;21.333333333333336;22.666666666666668;23.77777777777778;23.555555555555557;24.555555555555557;24.444444444444443;24.833333333333332;24.944444444444446;25.055555555555554;27.16666666666667;26.944444444444443;26.555555555555557;25.944444444444443;25.555555555555557	18.22222222222222;16.27777777777778;15.444444444444445;14.666666666666666;14.166666666666666;13.499999999999998;14.555555555555555;18.166666666666668;22.722222222222225;26.27777777777778;29.333333333333332;31.77777777777778;33.611111111111114;32.94444444444444;34.0;29.055555555555557;31.944444444444443;29.833333333333332;28.333333333333332;30.0;27.722222222222225;24.833333333333332;22.055555555555557;20.611111111111107	20.72222222222222;19.166666666666668;18.277777777777782;17.444444444444443;16.77777777777778;16.166666666666668;15.722222222222221;16.055555555555557;17.27777777777778;19.27777777777778;21.444444444444443;23.5;25.33333333333333;25.944444444444443;27.277777777777775;27.77777777777778;27.5;27.22222222222222;26.77777777777778;27.77777777777778;26.999999999999996;26.0;24.499999999999996;23.000000000000004	0.0;0.0;0.0;0.0;0.0;0.0;0.0;0.0;0.0;0.0;0.0;0.0;0.0;0.0;0.0;0.0;0.0;0.0;0.0;0.0;0.0;0.0;0.0;0.0	0.0;0.0;0.0;0.0;0.0;0.0;0.0;0.0;0.0;0.0;0.0;0.0;0.0;0.0;0.0;0.2032;0.1016;0.4064;0.1016;0.0;0.0;0.0;0.0;0.0	0.0;0.0;0.0;0.0;0.0;0.0;0.0;0.0;0.0;0.0;0.0;0.0;0.0;0.0;0.0;0.0;0.0;0.0;0.0;0.0;0.0;0.0;0.0;0.0	17	2025-06-04T21:58:57	2025-06-04T04:53:45
24.337962962962965	51.375	13.164351851851853	24.189814814814813	23.81481481481482	23.599537037037038	2.3664499013990357	5.20661848777016	23379.1672878	0.0	0.9143999999999999	0.0	25.53267973856209	47.23529411764706	12.960784313725492	25.196078431372552	24.31699346405229	23.866013071895424	2.6569603752280733	5.065776387393844	23081.17706216471	0.0	0.9143999999999999	0.0	1.5947814552906543;1.903448833734007;1.8520042706601147;1.7491151445123305;1.6976705814384383;1.6462260183645465;1.6462260183645465;1.8005597075862227;2.2635607752512517;2.5722281536946037;2.9323400952118486;3.1895629105813086;3.652563978246337;3.498230289024661;3.292452036729093;2.9323400952118486;3.498230289024661;2.9323400952118486;3.0352292213596326;2.212116212177359;2.4178944644729277;1.6462260183645465;1.5433368922167623;1.2861140768473018	1.5947814552906543;1.903448833734007;1.8520042706601147;1.7491151445123305;1.6976705814384383;1.6462260183645465;1.6462260183645465;1.8005597075862227;2.2635607752512517;2.5722281536946037;2.9323400952118486;3.1895629105813086;3.652563978246337;3.498230289024661;3.292452036729093;2.9323400952118486;3.498230289024661;2.9323400952118486;3.0352292213596326;2.212116212177359;2.4178944644729277;1.6462260183645465;1.5433368922167623;1.2861140768473018	22.277777777777775;21.22222222222222;20.500000000000004;19.66666666666667;19.055555555555557;18.555555555555557;18.444444444444443;19.833333333333332;21.77777777777778;23.666666666666664;25.166666666666668;26.27777777777778;28.22222222222222;28.444444444444443;28.77777777777778;28.22222222222222;28.277777777777782;28.77777777777778;28.277777777777782;29.22222222222222;26.611111111111114;25.500000000000004;24.27777777777778;23.055555555555557	22.16666666666667;21.0;20.38888888888889;19.61111111111111;19.055555555555557;18.555555555555557;18.5;19.88888888888889;21.555555555555557;23.444444444444443;24.777777777777775;25.833333333333332;28.111111111111107;28.111111111111107;28.72222222222222;27.16666666666667;26.944444444444443;27.61111111111111;27.16666666666667;28.833333333333332;26.722222222222218;26.38888888888889;25.444444444444443;24.555555555555557	24.66666666666667;22.444444444444446;21.555555555555557;20.944444444444443;20.444444444444443;20.166666666666668;19.833333333333332;20.055555555555554;20.555555555555557;22.16666666666667;23.333333333333332;24.333333333333332;25.777777777777782;25.944444444444443;26.333333333333336;26.333333333333336;26.27777777777778;26.833333333333332;26.77777777777778;27.944444444444443;25.666666666666668;25.055555555555554;24.27777777777778;23.833333333333336	24.944444444444446;22.83333333333333;22.16666666666667;21.555555555555557;21.166666666666664;20.833333333333332;20.555555555555557;20.555555555555557;20.33333333333333;21.444444444444443;22.666666666666668;23.666666666666664;24.944444444444446;25.166666666666668;25.555555555555557;25.666666666666668;25.444444444444443;26.166666666666664;25.944444444444443;27.277777777777775;25.055555555555554;24.444444444444443;24.055555555555557;23.944444444444443	19.88888888888889;19.222222222222218;18.61111111111111;17.944444444444443;17.38888888888889;17.0;17.61111111111111;20.500000000000004;23.77777777777778;26.27777777777778;28.22222222222222;29.38888888888889;33.333333333333336;33.5;33.05555555555556;30.11111111111111;30.38888888888889;31.5;29.055555555555557;29.444444444444443;25.38888888888889;23.88888888888889;22.555555555555554;21.27777777777778	21.77777777777778;20.777777777777782;20.166666666666668;19.555555555555557;19.0;18.5;18.166666666666668;18.5;19.61111111111111;21.166666666666664;22.722222222222225;24.055555555555557;25.666666666666668;26.944444444444443;28.000000000000004;27.77777777777778;27.83333333333333;27.83333333333333;27.38888888888889;27.666666666666668;26.333333333333336;25.11111111111111;23.944444444444443;22.83333333333333	0.0;0.0;0.0;0.0;0.0;0.0;0.0;0.0;0.0;0.0;0.0;0.0;0.0;0.0;0.0;0.0;0.0;0.0;0.0;0.0;0.0;0.0;0.0;0.0	0.0;0.0;0.0;0.0;0.0;0.0;0.0;0.0;0.0;0.0;0.0;0.0;0.0;0.0;0.1016;0.2032;0.3048;0.0;0.0;0.0;0.3048;0.0;0.0;0.0	0.0;0.0;0.0;0.0;0.0;0.0;0.0;0.0;0.0;0.0;0.0;0.0;0.0;0.0;0.0;0.0;0.0;0.0;0.0;0.0;0.0;0.0;0.0;0.0	17	2025-06-05T22:00:05	2025-06-05T04:52:58
20.56712962962963	70.20833333333333	14.44907407407407	20.99074074074074	19.659722222222218	19.11342592592592	2.1263752737208725	4.224884742443387	23409.1672151	0.0	4.2164	0.0	21.111111111111114	65.66666666666667	13.910493827160494	21.24691358024691	19.824074074074073	19.21913580246913	2.3178633696070263	4.169867640267141	23810.000538400007	0.0	2.2097999999999995	0.0	3.6011194151724455;1.337558639921194;0.9260021353300574;0.9260021353300574;1.0803358245517336;1.1832249506995176;1.2346695137734098;2.0063379598817908;2.5207835906207117;2.5207835906207117;2.778006405990172;3.2410074736552006;3.1895629105813086;2.4693390275468197;2.72656184291628;2.880895532137956;2.72656184291628;2.5722281536946037;2.6236727167684957;2.0063379598817908;1.7491151445123305;1.49189232914287;1.8005597075862227;1.440447766068978	3.6011194151724455;1.337558639921194;0.9260021353300574;0.9260021353300574;1.0803358245517336;1.1832249506995176;1.2346695137734098;2.0063379598817908;2.5207835906207117;2.5207835906207117;2.778006405990172;3.2410074736552006;3.1895629105813086;2.4693390275468197;2.72656184291628;2.880895532137956;2.72656184291628;2.5722281536946037;2.6236727167684957;2.0063379598817908;1.7491151445123305;1.49189232914287;1.8005597075862227;1.440447766068978	20.72222222222222;19.0;18.333333333333332;17.72222222222222;16.833333333333332;16.333333333333332;16.38888888888889;17.11111111111111;17.666666666666668;18.166666666666668;18.833333333333336;19.499999999999996;19.88888888888889;20.33333333333333;21.722222222222218;22.666666666666668;23.555555555555557;24.66666666666667;25.166666666666668;25.944444444444443;25.500000000000004;24.222222222222218;22.333333333333332;21.0	21.5;20.33333333333333;19.88888888888889;19.222222222222218;18.333333333333332;17.61111111111111;17.666666666666668;18.055555555555557;17.83333333333333;18.166666666666668;18.61111111111111;19.0;19.444444444444443;20.222222222222225;21.611111111111114;22.555555555555554;23.388888888888886;24.444444444444443;24.27777777777778;25.888888888888886;25.555555555555557;24.944444444444446;23.166666666666668;22.055555555555557	19.833333333333332;18.555555555555557;18.333333333333332;18.166666666666668;17.83333333333333;17.27777777777778;16.555555555555557;15.944444444444445;16.27777777777778;16.444444444444443;17.166666666666668;17.444444444444443;17.83333333333333;18.277777777777782;19.444444444444443;20.33333333333333;21.27777777777778;22.444444444444446;23.333333333333332;24.66666666666667;24.777777777777775;24.27777777777778;23.055555555555557;22.277777777777775	19.333333333333332;17.944444444444443;17.944444444444443;17.666666666666668;17.555555555555557;16.944444444444443;16.27777777777778;15.555555555555555;15.555555555555555;15.777777777777779;16.333333333333332;16.77777777777778;17.166666666666668;17.444444444444443;18.666666666666664;19.555555555555557;20.555555555555557;21.77777777777778;22.666666666666668;23.944444444444443;24.055555555555557;23.833333333333336;23.055555555555557;22.333333333333332	20.444444444444443;18.444444444444443;17.77777777777778;16.77777777777778;16.166666666666668;15.88888888888889;16.72222222222222;18.666666666666664;19.777777777777775;21.0;21.833333333333332;23.277777777777782;23.5;24.72222222222222;26.0;26.833333333333332;27.77777777777778;28.277777777777782;26.77777777777778;26.5;24.555555555555557;22.5;20.444444444444443;19.388888888888893	21.999999999999996;20.27777777777778;19.72222222222222;19.055555555555557;18.388888888888886;17.83333333333333;17.5;17.61111111111111;18.22222222222222;18.77777777777778;19.555555555555557;20.27777777777778;20.944444444444443;20.944444444444443;22.16666666666667;23.055555555555557;23.666666666666664;24.388888888888893;24.72222222222222;24.72222222222222;24.111111111111114;23.277777777777782;22.16666666666667;21.0	0.0;0.0;0.0;0.0;0.0;0.0;0.0;0.0;0.0;0.0;0.0;0.0;0.0;0.0;0.0;0.0;0.0;0.0;0.0;0.0;0.0;0.0;0.0;0.0	1.397;0.6096;0.0;0.0;0.0;0.0;0.0;1.9049999999999998;0.0;0.0;0.0;0.0;0.2032;0.1016;0.0;0.0;0.0;0.0;0.0;0.0;0.0;0.0;0.0;0.0	0.0;0.0;0.0;0.0;0.0;0.0;0.0;0.0;0.0;0.0;0.0;0.0;0.0;0.0;0.0;0.0;0.0;0.0;0.0;0.0;0.0;0.0;0.0;0.0	17	2025-06-06T22:01:11	2025-06-06T04:52:15
21.90509259259259	64.25	14.159722222222221	22.60185185185185	21.900462962962965	21.77314814814815	1.3782855856880252	3.082386737510701	23949.167290799993	0.0	0.0	0.0	23.14506172839506	59.27777777777778	14.132716049382715	23.80555555555556	22.31481481481482	21.97530864197531	1.466170047605924	2.7065556239430997	23885.556191199998	0.0	0.0	0.0	1.0803358245517336;1.1317803876256258;1.0288912614778416;0.9260021353300574;0.7716684461083811;0.8231130091822733;0.8231130091822733;0.3601119415172445;0.41155650459113663;0.9260021353300574;0.9260021353300574;1.1832249506995176;1.8520042706601147;1.1832249506995176;1.389003202995086;1.8005597075862227;2.0063379598817908;1.8005597075862227;1.8005597075862227;2.366449901399035;2.4178944644729277;2.212116212177359;2.1092270860295748;1.7491151445123305	1.0803358245517336;1.1317803876256258;1.0288912614778416;0.9260021353300574;0.7716684461083811;0.8231130091822733;0.8231130091822733;0.3601119415172445;0.41155650459113663;0.9260021353300574;0.9260021353300574;1.1832249506995176;1.8520042706601147;1.1832249506995176;1.389003202995086;1.8005597075862227;2.0063379598817908;1.8005597075862227;1.8005597075862227;2.366449901399035;2.4178944644729277;2.212116212177359;2.1092270860295748;1.7491151445123305	19.777777777777775;17.88888888888889;17.166666666666668;16.38888888888889;15.666666666666666;14.944444444444445;14.777777777777779;16.27777777777778;18.277777777777782;19.777777777777775;21.38888888888889;23.166666666666668;24.777777777777775;25.500000000000004;26.22222222222222;26.611111111111114;27.11111111111111;27.22222222222222;27.277777777777775;27.666666666666668;26.611111111111114;25.33333333333333;23.666666666666664;22.22222222222222	21.055555555555557;18.944444444444443;18.166666666666668;17.333333333333332;16.555555555555557;15.722222222222221;15.5;17.444444444444443;19.388888888888893;20.666666666666668;22.444444444444446;24.055555555555557;25.888888888888886;26.38888888888889;27.333333333333332;27.11111111111111;27.5;27.5;27.666666666666668;27.944444444444443;26.888888888888893;25.666666666666668;23.388888888888886;21.888888888888893	21.944444444444443;20.555555555555557;20.055555555555554;19.444444444444443;19.166666666666668;18.666666666666664;18.166666666666668;17.666666666666668;17.444444444444443;18.333333333333332;19.66666666666667;21.166666666666664;22.444444444444446;23.333333333333332;23.944444444444443;24.444444444444443;25.055555555555554;25.27777777777778;25.444444444444443;26.166666666666664;25.666666666666668;24.944444444444446;23.833333333333336;22.77777777777778	22.055555555555557;20.944444444444443;20.777777777777782;20.33333333333333;20.055555555555554;19.66666666666667;19.166666666666668;18.277777777777782;17.944444444444443;17.666666666666668;18.944444444444443;20.444444444444443;21.77777777777778;22.555555555555554;23.277777777777782;23.77777777777778;24.27777777777778;24.444444444444443;24.66666666666667;25.444444444444443;24.944444444444446;24.444444444444443;23.833333333333336;22.83333333333333	18.388888888888886;16.944444444444443;16.333333333333332;15.722222222222221;15.0;14.444444444444445;15.277777777777779;18.111111111111107;20.444444444444443;22.22222222222222;24.88888888888889;27.333333333333332;29.27777777777778;31.0;31.444444444444443;31.22222222222222;31.27777777777778;31.0;30.27777777777778;28.388888888888886;25.777777777777782;23.72222222222222;21.666666666666668;20.33333333333333	20.11111111111111;18.833333333333336;18.166666666666668;17.555555555555557;16.944444444444443;16.38888888888889;16.0;16.38888888888889;17.38888888888889;18.61111111111111;19.88888888888889;21.38888888888889;23.166666666666668;25.0;26.055555555555557;26.666666666666668;27.11111111111111;27.277777777777775;27.333333333333332;26.77777777777778;25.888888888888886;24.777777777777775;23.444444444444443;22.277777777777775	0.0;0.0;0.0;0.0;0.0;0.0;0.0;0.0;0.0;0.0;0.0;0.0;0.0;0.0;0.0;0.0;0.0;0.0;0.0;0.0;0.0;0.0;0.0;0.0	0.0;0.0;0.0;0.0;0.0;0.0;0.0;0.0;0.0;0.0;0.0;0.0;0.0;0.0;0.0;0.0;0.0;0.0;0.0;0.0;0.0;0.0;0.0;0.0	0.0;0.0;0.0;0.0;0.0;0.0;0.0;0.0;0.0;0.0;0.0;0.0;0.0;0.0;0.0;0.0;0.0;0.0;0.0;0.0;0.0;0.0;0.0;0.0	17	2025-06-07T22:02:15	2025-06-07T04:51:35
15.6712962962963	76.16666666666667	11.30324074074074	14.624999999999998	14.872685185185183	14.430555555555555	2.7780064059901726	5.853962573116637	21563.333822700002	10.795	4.191000000000001	0.0	14.709876543209873	80.11111111111111	11.21604938271605	13.441358024691361	13.521604938271603	12.836419753086417	3.1524085039168304	6.101896786819976	20704.444900400005	10.795	4.191000000000001	0.0	1.389003202995086;1.5433368922167623;1.389003202995086;1.6976705814384383;2.212116212177359;2.72656184291628;3.0352292213596326;2.829450969064064;2.778006405990172;3.9097867936157975;3.446785725950769;2.4178944644729277;3.446785725950769;3.7040085413202295;3.6011194151724455;3.6011194151724455;3.7040085413202295;3.498230289024661;3.652563978246337;3.2410074736552006;2.880895532137956;2.2635607752512517;2.0063379598817908;1.6976705814384383	1.389003202995086;1.5433368922167623;1.389003202995086;1.6976705814384383;2.212116212177359;2.72656184291628;3.0352292213596326;2.829450969064064;2.778006405990172;3.9097867936157975;3.446785725950769;2.4178944644729277;3.446785725950769;3.7040085413202295;3.6011194151724455;3.6011194151724455;3.7040085413202295;3.498230289024661;3.652563978246337;3.2410074736552006;2.880895532137956;2.2635607752512517;2.0063379598817908;1.6976705814384383	20.888888888888886;20.166666666666668;19.444444444444443;18.72222222222222;18.166666666666668;17.5;16.88888888888889;15.055555555555555;14.000000000000002;13.333333333333334;13.333333333333334;13.38888888888889;13.666666666666666;13.555555555555555;14.11111111111111;14.666666666666666;15.277777777777779;15.38888888888889;15.666666666666666;15.166666666666666;14.777777777777779;14.666666666666666;14.333333333333334;13.944444444444445	20.888888888888886;19.777777777777775;19.27777777777778;18.388888888888886;17.444444444444443;16.22222222222222;15.055555555555555;13.833333333333334;12.944444444444443;11.777777777777779;12.0;12.722222222222221;12.5;12.166666666666666;12.777777777777779;13.38888888888889;13.944444444444445;14.11111111111111;14.222222222222221;13.722222222222223;13.444444444444446;13.61111111111111;13.499999999999998;13.277777777777779	22.055555555555557;20.833333333333332;20.055555555555554;19.333333333333332;17.83333333333333;16.77777777777778;15.944444444444445;13.944444444444445;12.944444444444443;12.166666666666666;12.055555555555557;12.166666666666666;12.277777777777779;12.166666666666666;12.666666666666664;13.166666666666668;13.833333333333334;14.055555555555554;14.166666666666666;13.833333333333334;13.777777777777777;13.777777777777777;13.666666666666666;13.444444444444446	22.277777777777775;21.055555555555557;20.444444444444443;19.777777777777775;18.444444444444443;16.333333333333332;15.277777777777779;13.333333333333334;12.333333333333336;11.555555555555554;11.333333333333334;11.555555555555554;11.555555555555554;11.444444444444445;11.833333333333332;12.333333333333336;13.055555555555555;13.333333333333334;13.444444444444446;13.166666666666668;13.055555555555555;13.055555555555555;13.055555555555555;13.277777777777779	19.27777777777778;19.0;18.5;18.111111111111107;18.055555555555557;17.72222222222222;17.333333333333332;15.61111111111111;14.722222222222221;14.333333333333334;14.944444444444445;14.722222222222221;15.555555555555555;14.88888888888889;16.22222222222222;16.61111111111111;16.77777777777778;16.555555555555557;17.22222222222222;16.61111111111111;15.555555555555555;15.0;14.277777777777779;13.88888888888889	21.166666666666664;20.500000000000004;19.833333333333332;19.27777777777778;18.88888888888889;18.61111111111111;18.277777777777782;17.333333333333332;16.833333333333332;16.166666666666668;15.833333333333334;15.777777777777779;15.61111111111111;15.5;15.555555555555555;15.833333333333334;16.166666666666668;16.333333333333332;16.5;16.555555555555557;16.166666666666668;15.777777777777779;15.333333333333334;14.88888888888889	0.0;0.0;0.0;0.0;0.0;0.0;0.0;0.0;0.508;2.4892;1.9049999999999998;2.8956;2.8956;0.1016;0.0;0.0;0.0;0.0;0.0;0.0;0.0;0.0;0.0;0.0	0.0;0.0;0.0;0.0;0.0;0.0;0.0;0.4064;2.4892;0.889;0.0;0.0;0.0;0.0;0.1016;0.0;0.0;0.0;0.0;0.0;0.1016;0.1016;0.1016;0.0	0.0;0.0;0.0;0.0;0.0;0.0;0.0;0.0;0.0;0.0;0.0;0.0;0.0;0.0;0.0;0.0;0.0;0.0;0.0;0.0;0.0;0.0;0.0;0.0	17	2025-06-08T22:03:15	2025-06-08T04:50:59
17.381944444444446	60.625	8.895833333333334	16.166666666666668	16.328703703703702	16.055555555555557	2.364306377937624	4.756478560873604	24140.000589599997	0.0	0.0	0.0	18.672839506172842	53.72222222222222	8.450617283950617	17.339506172839506	17.212962962962965	16.749999999999996	2.5436478408757757	4.6528749269053495	24140.000589600004	0.0	0.0	0.0	1.9548933968078988;1.8005597075862227;2.057782522955683;2.1092270860295748;2.1092270860295748;2.057782522955683;1.9548933968078988;2.212116212177359;2.315005338325143;2.6236727167684957;3.0352292213596326;3.5496748520985535;3.7554531043941215;3.292452036729093;3.498230289024661;3.498230289024661;3.343896599802985;3.0352292213596326;2.5722281536946037;2.160671649103467;1.440447766068978;0.720223883034489;0.720223883034489;0.9260021353300574	1.9548933968078988;1.8005597075862227;2.057782522955683;2.1092270860295748;2.1092270860295748;2.057782522955683;1.9548933968078988;2.212116212177359;2.315005338325143;2.6236727167684957;3.0352292213596326;3.5496748520985535;3.7554531043941215;3.292452036729093;3.498230289024661;3.498230289024661;3.343896599802985;3.0352292213596326;2.5722281536946037;2.160671649103467;1.440447766068978;0.720223883034489;0.720223883034489;0.9260021353300574	13.722222222222223;12.444444444444445;12.222222222222221;11.777777777777779;11.38888888888889;11.055555555555555;10.944444444444446;11.11111111111111;12.555555555555555;14.444444444444445;16.5;18.055555555555557;19.166666666666668;19.944444444444446;21.27777777777778;22.333333333333332;22.944444444444443;23.22222222222222;23.166666666666668;23.666666666666664;22.944444444444443;21.999999999999996;20.777777777777782;19.499999999999996	12.888888888888891;11.722222222222221;11.222222222222223;10.555555555555555;9.888888888888888;9.38888888888889;9.277777777777779;9.333333333333332;10.777777777777779;12.555555555555555;14.38888888888889;16.27777777777778;18.000000000000004;19.333333333333332;20.27777777777778;21.5;21.722222222222218;21.5;21.055555555555557;21.999999999999996;21.833333333333332;21.944444444444443;20.944444444444443;19.61111111111111	13.277777777777779;12.666666666666664;12.055555555555557;11.555555555555554;11.166666666666666;10.833333333333334;10.555555555555555;10.277777777777779;11.166666666666666;12.777777777777779;14.444444444444445;15.777777777777779;16.666666666666668;17.444444444444443;18.77777777777778;19.833333333333332;20.666666666666668;21.055555555555557;21.333333333333336;22.333333333333332;22.16666666666667;21.944444444444443;21.77777777777778;21.333333333333336	13.333333333333334;12.833333333333334;12.666666666666664;12.166666666666666;11.777777777777779;11.555555555555554;11.333333333333334;10.833333333333334;10.833333333333334;12.055555555555557;13.777777777777777;14.944444444444445;15.833333333333334;16.77777777777778;17.944444444444443;19.055555555555557;19.833333333333332;20.33333333333333;20.666666666666668;21.666666666666668;21.444444444444443;21.333333333333336;21.27777777777778;21.055555555555557	13.61111111111111;12.055555555555557;11.833333333333332;11.444444444444445;11.222222222222223;10.777777777777779;11.277777777777777;12.277777777777779;14.777777777777779;17.38888888888889;19.944444444444446;21.722222222222218;23.111111111111107;24.61111111111111;25.888888888888886;26.722222222222218;26.555555555555557;26.0;25.0;23.944444444444443;22.11111111111111;20.055555555555554;18.055555555555557;17.055555555555557	14.5;13.555555555555555;13.166666666666668;12.833333333333334;12.5;12.277777777777779;12.0;11.88888888888889;12.611111111111112;13.833333333333334;15.38888888888889;16.944444444444443;18.277777777777782;19.777777777777775;20.777777777777782;21.833333333333332;22.555555555555554;22.83333333333333;22.77777777777778;22.555555555555554;21.77777777777778;20.833333333333332;19.72222222222222;18.61111111111111	0.0;0.0;0.0;0.0;0.0;0.0;0.0;0.0;0.0;0.0;0.0;0.0;0.0;0.0;0.0;0.0;0.0;0.0;0.0;0.0;0.0;0.0;0.0;0.0	0.0;0.0;0.0;0.0;0.0;0.0;0.0;0.0;0.0;0.0;0.0;0.0;0.0;0.0;0.0;0.0;0.0;0.0;0.0;0.0;0.0;0.0;0.0;0.0	0.0;0.0;0.0;0.0;0.0;0.0;0.0;0.0;0.0;0.0;0.0;0.0;0.0;0.0;0.0;0.0;0.0;0.0;0.0;0.0;0.0;0.0;0.0;0.0	17	2025-06-09T22:04:12	2025-06-09T04:50:26
19.49537037037037	60.375	10.314814814814817	19.071759259259256	19.828703703703706	19.743055555555554	1.6205037368276003	3.4639339136420655	24140.000589599997	0.0	0.0	0.0	21.0	52.388888888888886	9.72530864197531	20.382716049382715	20.141975308641978	19.92283950617284	1.8520042706601147	3.486798163897129	24140.000589600004	0.0	0.0	0.0	0.9260021353300574;0.9260021353300574;0.8231130091822733;0.8231130091822733;0.8231130091822733;0.8231130091822733;0.720223883034489;0.5144456307389208;0.668779319960597;0.8745575722561653;1.1832249506995176;1.440447766068978;2.0063379598817908;2.5207835906207117;2.778006405990172;2.9323400952118486;3.0352292213596326;3.1895629105813086;3.0866737844335246;2.675117279842388;2.160671649103467;1.389003202995086;1.337558639921194;1.2346695137734098	0.9260021353300574;0.9260021353300574;0.8231130091822733;0.8231130091822733;0.8231130091822733;0.8231130091822733;0.720223883034489;0.5144456307389208;0.668779319960597;0.8745575722561653;1.1832249506995176;1.440447766068978;2.0063379598817908;2.5207835906207117;2.778006405990172;2.9323400952118486;3.0352292213596326;3.1895629105813086;3.0866737844335246;2.675117279842388;2.160671649103467;1.389003202995086;1.337558639921194;1.2346695137734098	18.22222222222222;14.277777777777779;13.333333333333334;12.555555555555555;12.0;11.61111111111111;11.61111111111111;12.444444444444445;15.166666666666666;17.72222222222222;20.11111111111111;22.11111111111111;23.5;24.222222222222218;24.777777777777775;24.944444444444446;25.166666666666668;25.27777777777778;24.944444444444446;25.33333333333333;24.499999999999996;23.277777777777782;21.27777777777778;19.499999999999996	18.444444444444443;14.777777777777779;13.722222222222223;12.666666666666664;11.88888888888889;11.333333333333334;11.333333333333334;12.277777777777779;15.055555555555555;17.666666666666668;19.88888888888889;22.555555555555554;24.0;24.0;24.27777777777778;24.055555555555557;23.77777777777778;23.388888888888886;22.83333333333333;23.5;23.055555555555557;22.77777777777778;21.11111111111111;19.333333333333332	20.833333333333332;18.666666666666664;18.166666666666668;17.27777777777778;16.444444444444443;15.833333333333334;15.277777777777779;14.055555555555554;13.833333333333334;15.944444444444445;18.055555555555557;19.833333333333332;21.055555555555557;21.666666666666668;22.277777777777775;22.444444444444446;22.83333333333333;23.055555555555557;23.166666666666668;23.944444444444443;23.555555555555557;23.055555555555557;22.666666666666668;21.944444444444443	20.666666666666668;18.833333333333336;18.555555555555557;17.83333333333333;17.27777777777778;16.77777777777778;16.444444444444443;15.666666666666666;15.444444444444445;15.333333333333334;17.333333333333332;19.055555555555557;20.33333333333333;20.944444444444443;21.444444444444443;21.77777777777778;22.055555555555557;22.333333333333332;22.444444444444446;23.277777777777782;22.83333333333333;22.666666666666668;22.444444444444446;22.055555555555557	16.5;13.38888888888889;12.722222222222221;12.055555555555557;11.500000000000002;10.944444444444446;11.777777777777779;14.38888888888889;17.944444444444443;21.11111111111111;24.0;26.22222222222222;27.61111111111111;30.0;30.0;29.666666666666668;29.38888888888889;28.5;26.27777777777778;26.055555555555557;23.833333333333336;21.444444444444443;18.77777777777778;17.38888888888889	17.72222222222222;15.833333333333334;15.166666666666666;14.5;13.88888888888889;13.333333333333334;12.944444444444443;13.055555555555555;14.166666666666666;15.777777777777779;17.61111111111111;19.444444444444443;21.11111111111111;23.61111111111111;24.66666666666667;25.222222222222225;25.444444444444443;25.555555555555557;25.222222222222225;24.777777777777775;23.88888888888889;22.88888888888889;21.5;20.11111111111111	0.0;0.0;0.0;0.0;0.0;0.0;0.0;0.0;0.0;0.0;0.0;0.0;0.0;0.0;0.0;0.0;0.0;0.0;0.0;0.0;0.0;0.0;0.0;0.0	0.0;0.0;0.0;0.0;0.0;0.0;0.0;0.0;0.0;0.0;0.0;0.0;0.0;0.0;0.0;0.0;0.0;0.0;0.0;0.0;0.0;0.0;0.0;0.0	0.0;0.0;0.0;0.0;0.0;0.0;0.0;0.0;0.0;0.0;0.0;0.0;0.0;0.0;0.0;0.0;0.0;0.0;0.0;0.0;0.0;0.0;0.0;0.0	17	2025-06-10T22:05:05	2025-06-10T04:49:56
22.01851851851852	58.958333333333336	13.208333333333336	22.108796296296294	21.895833333333332	21.91435185185185	2.220690306023008	5.080150603546842	22473.334009299997	0.0	0.0	0.0	23.49074074074074	55.55555555555556	13.66358024691358	23.604938271604937	22.45679012345679	22.228395061728392	2.5636540598489557	5.141598276107325	21934.445115866663	0.0	0.0	0.0	1.2346695137734098;1.337558639921194;1.2346695137734098;1.1832249506995176;1.2861140768473018;1.337558639921194;1.389003202995086;1.440447766068978;1.8005597075862227;2.366449901399035;2.72656184291628;2.778006405990172;3.2410074736552006;3.3953411628768766;3.806897667468014;3.96123135668969;3.96123135668969;3.6011194151724455;3.5496748520985535;2.675117279842388;2.2635607752512517;0.9774466984039494;0.8745575722561653;0.8745575722561653	1.2346695137734098;1.337558639921194;1.2346695137734098;1.1832249506995176;1.2861140768473018;1.337558639921194;1.389003202995086;1.440447766068978;1.8005597075862227;2.366449901399035;2.72656184291628;2.778006405990172;3.2410074736552006;3.3953411628768766;3.806897667468014;3.96123135668969;3.96123135668969;3.6011194151724455;3.5496748520985535;2.675117279842388;2.2635607752512517;0.9774466984039494;0.8745575722561653;0.8745575722561653	18.277777777777782;17.22222222222222;16.5;16.0;15.5;15.11111111111111;15.055555555555555;15.88888888888889;17.77777777777778;20.055555555555554;22.277777777777775;24.166666666666668;25.833333333333332;26.27777777777778;27.16666666666667;27.444444444444446;27.83333333333333;27.722222222222225;27.722222222222225;27.055555555555557;26.38888888888889;25.27777777777778;23.77777777777778;22.11111111111111	18.055555555555557;16.666666666666668;15.944444444444445;15.38888888888889;14.777777777777779;14.38888888888889;14.333333333333334;15.666666666666666;17.5;19.66666666666667;21.944444444444443;24.444444444444443;26.666666666666668;26.999999999999996;27.055555555555557;26.722222222222218;26.833333333333332;26.833333333333332;26.999999999999996;27.61111111111111;27.277777777777775;27.5;26.444444444444443;24.88888888888889	21.27777777777778;20.055555555555554;19.27777777777778;18.333333333333332;17.555555555555557;16.944444444444443;16.333333333333332;16.055555555555557;16.444444444444443;18.444444444444443;20.33333333333333;22.055555555555557;23.444444444444443;23.944444444444443;24.833333333333332;25.33333333333333;25.777777777777782;26.055555555555557;26.166666666666664;26.055555555555557;25.777777777777782;25.27777777777778;24.944444444444446;24.777777777777775	21.666666666666668;20.833333333333332;20.27777777777778;19.66666666666667;19.055555555555557;18.555555555555557;18.055555555555557;17.444444444444443;17.166666666666668;17.77777777777778;19.66666666666667;21.27777777777778;22.77777777777778;23.166666666666668;24.166666666666668;24.555555555555557;25.055555555555554;25.27777777777778;25.444444444444443;25.33333333333333;25.055555555555554;24.777777777777775;24.555555555555557;24.333333333333332	16.5;15.777777777777779;15.11111111111111;14.722222222222221;14.38888888888889;14.11111111111111;14.777777777777779;17.27777777777778;20.222222222222225;23.000000000000004;25.833333333333332;28.166666666666668;30.055555555555557;30.11111111111111;30.055555555555557;29.88888888888889;30.38888888888889;28.72222222222222;28.444444444444443;26.38888888888889;25.33333333333333;23.72222222222222;21.888888888888893;20.555555555555557	18.944444444444443;18.000000000000004;17.27777777777778;16.666666666666668;16.166666666666668;15.777777777777779;15.5;15.833333333333334;16.77777777777778;18.277777777777782;20.0;21.77777777777778;23.444444444444443;24.66666666666667;25.555555555555557;25.944444444444443;26.166666666666664;26.27777777777778;26.055555555555557;25.27777777777778;24.72222222222222;24.0;23.000000000000004;21.999999999999996	0.0;0.0;0.0;0.0;0.0;0.0;0.0;0.0;0.0;0.0;0.0;0.0;0.0;0.0;0.0;0.0;0.0;0.0;0.0;0.0;0.0;0.0;0.0;0.0	0.0;0.0;0.0;0.0;0.0;0.0;0.0;0.0;0.0;0.0;0.0;0.0;0.0;0.0;0.0;0.0;0.0;0.0;0.0;0.0;0.0;0.0;0.0;0.0	0.0;0.0;0.0;0.0;0.0;0.0;0.0;0.0;0.0;0.0;0.0;0.0;0.0;0.0;0.0;0.0;0.0;0.0;0.0;0.0;0.0;0.0;0.0;0.0	17	2025-06-11T22:05:56	2025-06-11T04:49:30
23.83333333333334	62.208333333333336	14.462962962962964	25.391203703703706	24.12962962962963	23.997685185185187	0.7995342511067393	1.5390498452939376	23936.66690939999	0.0	0.0	0.0	25.22530864197531	53.333333333333336	13.401234567901234	26.509259259259256	24.52469135802469	24.311728395061724	0.8173969466185075	1.3775710778675545	23956.666708533332	0.0	0.0	0.0	0.30866737844335246;0.5144456307389208;0.6173347568867049;0.8745575722561653;1.0288912614778416;0.9260021353300574;0.8231130091822733;0.6173347568867049;0.5658901938128129;0.720223883034489;0.9260021353300574;1.1832249506995176;1.5433368922167623;0.5144456307389208;0.30866737844335246;0.2572228153694604;0.7716684461083811;1.0288912614778416;1.1832249506995176;0.8231130091822733;0.8231130091822733;0.720223883034489;0.9774466984039494;1.1317803876256258	0.30866737844335246;0.5144456307389208;0.6173347568867049;0.8745575722561653;1.0288912614778416;0.9260021353300574;0.8231130091822733;0.6173347568867049;0.5658901938128129;0.720223883034489;0.9260021353300574;1.1832249506995176;1.5433368922167623;0.5144456307389208;0.30866737844335246;0.2572228153694604;0.7716684461083811;1.0288912614778416;1.1832249506995176;0.8231130091822733;0.8231130091822733;0.720223883034489;0.9774466984039494;1.1317803876256258	21.27777777777778;19.499999999999996;18.88888888888889;18.055555555555557;17.333333333333332;16.77777777777778;16.72222222222222;16.88888888888889;19.222222222222218;21.999999999999996;24.27777777777778;26.055555555555557;27.16666666666667;27.88888888888889;28.666666666666668;29.11111111111111;29.444444444444443;29.666666666666668;29.5;29.27777777777778;28.72222222222222;27.277777777777775;25.38888888888889;22.88888888888889	24.222222222222218;22.16666666666667;21.38888888888889;20.222222222222225;19.388888888888893;18.61111111111111;18.61111111111111;18.666666666666664;21.22222222222222;24.055555555555557;26.0;27.555555555555554;28.72222222222222;29.666666666666668;30.72222222222222;30.72222222222222;30.444444444444443;29.77777777777778;28.77777777777778;29.27777777777778;28.666666666666668;28.61111111111111;27.055555555555557;24.833333333333332	24.27777777777778;22.555555555555554;22.16666666666667;21.555555555555557;21.166666666666664;20.666666666666668;19.944444444444446;19.055555555555557;18.77777777777778;20.33333333333333;22.333333333333332;23.833333333333336;24.777777777777775;25.555555555555557;26.27777777777778;26.833333333333332;27.333333333333332;27.666666666666668;27.77777777777778;28.055555555555557;27.83333333333333;27.555555555555554;26.833333333333332;25.944444444444443	24.166666666666668;22.666666666666668;22.277777777777775;21.77777777777778;21.666666666666668;21.555555555555557;21.333333333333336;20.833333333333332;20.33333333333333;20.055555555555554;21.666666666666668;23.166666666666668;24.055555555555557;24.777777777777775;25.444444444444443;26.055555555555557;26.555555555555557;26.833333333333332;27.055555555555557;27.333333333333332;27.16666666666667;27.055555555555557;26.333333333333336;25.777777777777782	19.499999999999996;17.666666666666668;17.0;16.22222222222222;15.61111111111111;15.222222222222221;15.944444444444445;18.77777777777778;22.055555555555557;25.555555555555557;28.444444444444443;30.5;31.833333333333332;33.166666666666664;33.77777777777778;33.5;33.94444444444444;33.388888888888886;31.77777777777778;29.61111111111111;27.38888888888889;25.055555555555554;22.277777777777775;20.666666666666668	21.055555555555557;19.66666666666667;18.944444444444443;18.277777777777782;17.666666666666668;17.11111111111111;16.77777777777778;16.77777777777778;18.000000000000004;19.72222222222222;21.722222222222218;23.61111111111111;25.222222222222225;27.22222222222222;28.277777777777782;28.77777777777778;29.11111111111111;29.38888888888889;29.27777777777778;28.277777777777782;27.38888888888889;26.27777777777778;24.833333333333332;23.277777777777782	0.0;0.0;0.0;0.0;0.0;0.0;0.0;0.0;0.0;0.0;0.0;0.0;0.0;0.0;0.0;0.0;0.0;0.0;0.0;0.0;0.0;0.0;0.0;0.0	0.0;0.0;0.0;0.0;0.0;0.0;0.0;0.0;0.0;0.0;0.0;0.0;0.0;0.0;0.0;0.0;0.0;0.0;0.0;0.0;0.0;0.0;0.0;0.0	0.0;0.0;0.0;0.0;0.0;0.0;0.0;0.0;0.0;0.0;0.0;0.0;0.0;0.0;0.0;0.0;0.0;0.0;0.0;0.0;0.0;0.0;0.0;0.0	17	2025-06-12T22:06:42	2025-06-12T04:49:08
